,id,flavour,provenience,sugar_perc,price_class
0,1,vanilla,Italy,14.53,cheap
1,2,chocolate,Greece,12.17,medium
2,3,caramel,Romania,16.15,cheap
3,4,pistachio,Spain,10.65,medium
4,5,pistachio,Spain,12.23,cheap
5,6,peanuts,Romania,9.27,medium
6,7,pistachio,Austria,21.87,expensive
7,8,strawberry,France,16.04,medium
8,9,chocolate,Spain,17.53,cheap
9,10,strawberry,Spain,19.72,medium
10,11,strawberry,France,14.69,cheap
11,12,pistachio,Spain,17.39,expensive
12,13,caramel,France,7.18,medium
13,14,strawberry,Spain,12.73,expensive
14,15,caramel,Spain,15.22,expensive
15,16,vanilla,Turkey,17.01,cheap
16,17,pistachio,Germany,12.88,cheap
17,18,pistachio,Austria,9.53,cheap
18,19,pistachio,Switzerland,14.85,cheap
19,20,pistachio,Sweden,9.85,expensive
20,21,caramel,Italy,4.31,expensive
21,22,pistachio,Spain,13.0,expensive
22,23,chocolate,Spain,23.01,cheap
23,24,peanuts,Italy,22.88,medium
24,25,strawberry,Sweden,6.53,cheap
25,26,pistachio,France,21.26,cheap
26,27,strawberry,Italy,20.24,expensive
27,28,peanuts,Germany,5.86,medium
28,29,peanuts,Switzerland,19.48,expensive
29,30,peanuts,Switzerland,24.33,cheap
30,31,vanilla,Switzerland,4.97,medium
31,32,vanilla,Spain,19.24,cheap
32,33,vanilla,Romania,20.66,medium
33,34,strawberry,Spain,24.55,cheap
34,35,peanuts,Sweden,22.42,expensive
35,36,strawberry,Germany,4.49,cheap
36,37,chocolate,Austria,7.37,medium
37,38,peanuts,Netherlands,9.01,cheap
38,39,peanuts,Italy,7.95,expensive
39,40,caramel,Spain,14.8,cheap
40,41,pistachio,Switzerland,5.35,cheap
41,42,vanilla,France,9.99,cheap
42,43,chocolate,France,21.77,medium
43,44,caramel,Austria,25.96,cheap
44,45,pistachio,Italy,6.83,cheap
45,46,strawberry,Spain,5.78,medium
46,47,pistachio,Switzerland,16.22,expensive
47,48,caramel,Sweden,10.68,cheap
48,49,pistachio,Italy,25.71,cheap
49,50,peanuts,Romania,14.81,cheap
50,51,strawberry,Switzerland,11.15,cheap
51,52,peanuts,Germany,5.67,cheap
52,53,peanuts,Turkey,18.81,medium
53,54,strawberry,Switzerland,22.13,expensive
54,55,chocolate,Switzerland,12.79,cheap
55,56,strawberry,Spain,6.45,medium
56,57,pistachio,Spain,18.61,medium
57,58,chocolate,France,25.1,medium
58,59,pistachio,France,12.35,expensive
59,60,chocolate,Switzerland,22.37,cheap
60,61,pistachio,Netherlands,8.2,cheap
61,62,vanilla,Austria,11.5,expensive
62,63,strawberry,Switzerland,18.66,expensive
63,64,chocolate,Austria,11.79,medium
64,65,strawberry,Sweden,24.9,cheap
65,66,chocolate,Netherlands,4.15,medium
66,67,strawberry,Switzerland,24.09,medium
67,68,strawberry,Sweden,17.48,cheap
68,69,pistachio,Austria,13.69,medium
69,70,strawberry,Greece,4.01,cheap
70,71,pistachio,Turkey,15.14,medium
71,72,pistachio,Turkey,24.57,cheap
72,73,peanuts,Spain,23.37,cheap
73,74,vanilla,Turkey,4.71,cheap
74,75,strawberry,Netherlands,22.85,cheap
75,76,pistachio,Switzerland,13.26,expensive
76,77,chocolate,Turkey,16.75,expensive
77,78,chocolate,Italy,4.19,cheap
78,79,chocolate,France,24.66,medium
79,80,pistachio,Sweden,6.77,expensive
80,81,chocolate,Spain,7.83,expensive
81,82,chocolate,Spain,20.65,expensive
82,83,chocolate,Italy,13.52,cheap
83,84,vanilla,Greece,17.78,cheap
84,85,vanilla,Switzerland,5.13,medium
85,86,pistachio,Austria,7.07,cheap
86,87,chocolate,Spain,13.9,cheap
87,88,pistachio,Greece,25.91,expensive
88,89,pistachio,Sweden,6.91,medium
89,90,strawberry,Netherlands,14.87,cheap
90,91,chocolate,Romania,7.02,medium
91,92,strawberry,Greece,21.2,medium
92,93,strawberry,France,0.12,cheap
93,94,vanilla,Switzerland,19.48,cheap
94,95,pistachio,Italy,20.39,expensive
95,96,vanilla,Italy,22.8,expensive
96,97,pistachio,Sweden,9.05,expensive
97,98,vanilla,Austria,13.69,cheap
98,99,chocolate,Turkey,6.82,medium
99,100,peanuts,Turkey,19.34,medium
100,101,pistachio,Italy,4.61,cheap
101,102,chocolate,Switzerland,25.73,cheap
102,103,vanilla,Sweden,8.53,medium
103,104,strawberry,Switzerland,11.29,cheap
104,105,pistachio,France,10.8,cheap
105,106,peanuts,Spain,15.93,medium
106,107,pistachio,Greece,4.71,cheap
107,108,vanilla,France,22.73,cheap
108,109,strawberry,Greece,16.35,medium
109,110,pistachio,Italy,11.13,cheap
110,111,pistachio,Romania,20.15,expensive
111,112,pistachio,Sweden,13.08,cheap
112,113,strawberry,Switzerland,18.96,cheap
113,114,vanilla,Germany,10.99,expensive
114,115,pistachio,Italy,7.38,expensive
115,116,pistachio,Turkey,10.2,cheap
116,117,strawberry,Italy,19.91,expensive
117,118,peanuts,Switzerland,18.31,cheap
118,119,chocolate,France,14.79,medium
119,120,pistachio,Turkey,7.98,expensive
120,121,peanuts,Sweden,4.72,expensive
121,122,chocolate,Greece,8.25,cheap
122,123,chocolate,France,16.25,cheap
123,124,chocolate,Switzerland,16.32,cheap
124,125,peanuts,Austria,16.99,medium
125,126,pistachio,Austria,5.02,cheap
126,127,caramel,Romania,11.49,cheap
127,128,peanuts,Italy,13.07,medium
128,129,peanuts,Italy,19.48,cheap
129,130,caramel,Spain,9.31,cheap
130,131,chocolate,Switzerland,23.6,medium
131,132,peanuts,Switzerland,15.81,cheap
132,133,chocolate,Sweden,12.68,cheap
133,134,vanilla,Turkey,23.72,medium
134,135,strawberry,Spain,13.36,expensive
135,136,vanilla,Sweden,16.46,cheap
136,137,chocolate,Italy,11.26,medium
137,138,vanilla,Spain,11.54,cheap
138,139,chocolate,Italy,25.0,cheap
139,140,chocolate,Austria,7.9,expensive
140,141,caramel,Austria,8.02,medium
141,142,vanilla,Greece,11.06,cheap
142,143,chocolate,Spain,22.53,cheap
143,144,peanuts,Switzerland,4.95,expensive
144,145,peanuts,Romania,20.18,cheap
145,146,chocolate,Spain,24.54,expensive
146,147,pistachio,Romania,20.95,expensive
147,148,caramel,Austria,14.3,medium
148,149,vanilla,Switzerland,10.84,cheap
149,150,chocolate,Turkey,10.62,cheap
150,151,caramel,Spain,7.6,medium
151,152,peanuts,Sweden,15.4,expensive
152,153,caramel,Sweden,13.46,medium
153,154,peanuts,Italy,5.86,medium
154,155,chocolate,Switzerland,4.15,expensive
155,156,pistachio,Greece,8.2,expensive
156,157,pistachio,Greece,6.05,cheap
157,158,strawberry,Switzerland,11.06,expensive
158,159,pistachio,Sweden,11.01,expensive
159,160,peanuts,France,23.31,medium
160,161,chocolate,France,20.36,medium
161,162,strawberry,Austria,23.84,expensive
162,163,peanuts,Sweden,4.9,medium
163,164,peanuts,Turkey,6.68,cheap
164,165,pistachio,Romania,18.91,cheap
165,166,pistachio,Spain,18.42,medium
166,167,strawberry,Spain,20.89,medium
167,168,peanuts,Spain,6.29,expensive
168,169,chocolate,Greece,17.97,medium
169,170,chocolate,Romania,7.04,expensive
170,171,pistachio,Switzerland,16.45,cheap
171,172,pistachio,Turkey,25.6,cheap
172,173,pistachio,Spain,22.01,cheap
173,174,peanuts,Austria,6.38,cheap
174,175,vanilla,Switzerland,5.48,medium
175,176,vanilla,Sweden,88.7,medium
176,177,caramel,Romania,11.25,cheap
177,178,pistachio,Switzerland,4.74,expensive
178,179,chocolate,Spain,23.38,cheap
179,180,pistachio,France,17.02,cheap
180,181,peanuts,Austria,12.65,cheap
181,182,peanuts,Germany,24.84,expensive
182,183,pistachio,Turkey,13.8,medium
183,184,chocolate,Turkey,21.92,cheap
184,185,vanilla,Spain,18.45,expensive
185,186,pistachio,Austria,8.58,cheap
186,187,caramel,Netherlands,10.73,cheap
187,188,pistachio,Germany,24.95,cheap
188,189,pistachio,Switzerland,7.48,medium
189,190,chocolate,Romania,5.96,expensive
190,191,peanuts,France,9.32,cheap
191,192,vanilla,Italy,18.87,cheap
192,193,chocolate,Germany,16.61,cheap
193,194,pistachio,Switzerland,24.38,expensive
194,195,caramel,Switzerland,21.37,cheap
195,196,caramel,Austria,20.78,medium
196,197,strawberry,France,4.95,cheap
197,198,strawberry,Greece,11.18,expensive
198,199,pistachio,Austria,17.02,expensive
199,200,pistachio,Italy,11.59,expensive
200,201,vanilla,Greece,17.63,cheap
201,202,strawberry,Greece,19.94,medium
202,203,peanuts,Austria,25.12,expensive
203,204,chocolate,Spain,17.38,expensive
204,205,peanuts,Switzerland,13.98,expensive
205,206,chocolate,Switzerland,5.47,expensive
206,207,peanuts,Sweden,13.62,expensive
207,208,chocolate,Sweden,12.3,cheap
208,209,pistachio,Sweden,12.28,expensive
209,210,pistachio,Turkey,9.73,cheap
210,211,strawberry,Italy,22.61,medium
211,212,peanuts,Romania,25.95,cheap
212,213,pistachio,Romania,8.52,expensive
213,214,pistachio,Sweden,9.24,medium
214,215,strawberry,Switzerland,6.24,medium
215,216,caramel,Switzerland,19.88,cheap
216,217,strawberry,Greece,8.68,expensive
217,218,chocolate,Austria,8.1,cheap
218,219,chocolate,France,25.38,cheap
219,220,pistachio,Switzerland,11.32,medium
220,221,pistachio,Sweden,17.87,medium
221,222,chocolate,Italy,15.53,medium
222,223,caramel,Switzerland,18.9,medium
223,224,pistachio,Austria,10.35,cheap
224,225,strawberry,Spain,10.35,medium
225,226,pistachio,Romania,4.73,cheap
226,227,pistachio,Sweden,7.25,cheap
227,228,pistachio,Spain,18.04,cheap
228,229,vanilla,Sweden,22.84,cheap
229,230,chocolate,Spain,23.24,medium
230,231,strawberry,Turkey,9.02,expensive
231,232,pistachio,Sweden,21.22,medium
232,233,chocolate,Spain,13.04,cheap
233,234,peanuts,Italy,11.37,medium
234,235,peanuts,Netherlands,4.57,medium
235,236,pistachio,Switzerland,0.05,expensive
236,237,caramel,Sweden,8.37,medium
237,238,chocolate,Spain,24.62,expensive
238,239,pistachio,Netherlands,25.49,medium
239,240,pistachio,Romania,11.84,cheap
240,241,pistachio,Austria,18.73,cheap
241,242,strawberry,Turkey,15.64,expensive
242,243,chocolate,Greece,21.57,medium
243,244,chocolate,Sweden,5.29,medium
244,245,chocolate,Germany,9.81,cheap
245,246,peanuts,Austria,23.89,cheap
246,247,chocolate,Romania,15.6,cheap
247,248,strawberry,Spain,18.26,medium
248,249,chocolate,Austria,17.17,cheap
249,250,vanilla,Spain,16.37,cheap
250,251,pistachio,Sweden,6.95,expensive
251,252,caramel,Austria,25.55,expensive
252,253,pistachio,Austria,20.17,expensive
253,254,strawberry,Romania,5.91,cheap
254,255,strawberry,Switzerland,15.37,cheap
255,256,chocolate,Austria,22.56,medium
256,257,chocolate,Italy,12.15,medium
257,258,chocolate,Switzerland,17.14,cheap
258,259,chocolate,Austria,22.16,medium
259,260,chocolate,Spain,19.75,medium
260,261,pistachio,Netherlands,6.33,expensive
261,262,peanuts,Austria,9.0,cheap
262,263,peanuts,Spain,6.04,expensive
263,264,strawberry,Switzerland,23.02,medium
264,265,chocolate,Romania,12.54,medium
265,266,peanuts,Romania,14.51,cheap
266,267,pistachio,Sweden,17.59,cheap
267,268,chocolate,Spain,9.55,cheap
268,269,strawberry,Germany,4.66,cheap
269,270,pistachio,Spain,20.95,expensive
270,271,chocolate,France,23.38,medium
271,272,peanuts,Austria,12.42,cheap
272,273,chocolate,Romania,16.47,expensive
273,274,caramel,France,16.25,medium
274,275,pistachio,Austria,21.69,cheap
275,276,pistachio,Austria,12.02,cheap
276,277,caramel,Sweden,11.26,cheap
277,278,peanuts,Netherlands,7.3,cheap
278,279,strawberry,Austria,5.44,expensive
279,280,peanuts,Spain,8.91,medium
280,281,strawberry,Italy,16.27,cheap
281,282,pistachio,France,21.65,cheap
282,283,chocolate,Germany,24.47,cheap
283,284,pistachio,Romania,16.07,medium
284,285,vanilla,Austria,9.85,cheap
285,286,pistachio,Austria,25.48,cheap
286,287,vanilla,Netherlands,17.99,medium
287,288,peanuts,Spain,22.13,cheap
288,289,strawberry,Spain,14.66,medium
289,290,vanilla,Turkey,7.6,cheap
290,291,pistachio,Switzerland,18.44,expensive
291,292,strawberry,Switzerland,16.22,medium
292,293,vanilla,Greece,25.82,medium
293,294,pistachio,Turkey,17.81,cheap
294,295,strawberry,Sweden,23.62,expensive
295,296,pistachio,France,5.02,expensive
296,297,chocolate,France,15.01,medium
297,298,strawberry,Spain,20.03,cheap
298,299,vanilla,France,14.86,cheap
299,300,chocolate,Turkey,23.76,expensive
300,301,peanuts,Spain,14.56,medium
301,302,peanuts,Romania,23.22,cheap
302,303,strawberry,Sweden,25.95,medium
303,304,peanuts,Sweden,23.17,medium
304,305,peanuts,Switzerland,20.35,expensive
305,306,pistachio,Spain,5.05,cheap
306,307,strawberry,Italy,6.95,medium
307,308,chocolate,Italy,24.61,medium
308,309,vanilla,Sweden,9.07,medium
309,310,chocolate,Netherlands,4.57,cheap
310,311,strawberry,Germany,20.7,medium
311,312,pistachio,Romania,21.67,cheap
312,313,peanuts,Italy,7.54,cheap
313,314,strawberry,Spain,13.94,expensive
314,315,pistachio,Switzerland,19.99,cheap
315,316,peanuts,Austria,22.81,cheap
316,317,peanuts,Spain,20.76,cheap
317,318,pistachio,Switzerland,24.9,medium
318,319,caramel,Turkey,12.69,medium
319,320,pistachio,Austria,20.18,cheap
320,321,peanuts,Austria,23.43,cheap
321,322,chocolate,Spain,24.77,medium
322,323,caramel,Spain,14.57,medium
323,324,peanuts,Greece,5.05,cheap
324,325,chocolate,Turkey,6.19,expensive
325,326,vanilla,Spain,16.33,cheap
326,327,peanuts,France,15.35,expensive
327,328,strawberry,Turkey,23.34,cheap
328,329,vanilla,Spain,23.97,cheap
329,330,pistachio,Spain,5.66,cheap
330,331,vanilla,Switzerland,23.33,expensive
331,332,chocolate,Austria,22.64,cheap
332,333,vanilla,Romania,25.01,medium
333,334,pistachio,Romania,4.58,medium
334,335,pistachio,Turkey,5.26,medium
335,336,peanuts,Romania,18.36,cheap
336,337,vanilla,Sweden,23.07,expensive
337,338,peanuts,Spain,24.83,cheap
338,339,vanilla,Italy,16.62,medium
339,340,pistachio,Sweden,20.27,cheap
340,341,pistachio,Turkey,13.01,cheap
341,342,peanuts,Spain,5.8,cheap
342,343,peanuts,Spain,22.99,expensive
343,344,strawberry,Spain,21.64,expensive
344,345,peanuts,Romania,24.83,cheap
345,346,chocolate,Romania,15.38,cheap
346,347,strawberry,Spain,9.64,cheap
347,348,pistachio,Turkey,19.98,expensive
348,349,pistachio,Spain,16.21,cheap
349,350,pistachio,Italy,9.43,expensive
350,351,pistachio,Sweden,20.04,cheap
351,352,pistachio,Spain,7.91,cheap
352,353,chocolate,Italy,15.6,cheap
353,354,chocolate,Romania,5.18,cheap
354,355,peanuts,Italy,20.36,medium
355,356,caramel,Greece,8.9,medium
356,357,strawberry,Switzerland,5.06,medium
357,358,peanuts,Switzerland,9.86,medium
358,359,chocolate,Sweden,15.83,medium
359,360,peanuts,France,19.12,cheap
360,361,chocolate,Spain,21.88,cheap
361,362,strawberry,Greece,6.09,medium
362,363,pistachio,Romania,24.79,cheap
363,364,strawberry,Spain,12.5,cheap
364,365,vanilla,Spain,19.58,expensive
365,366,strawberry,Austria,16.2,cheap
366,367,strawberry,Austria,5.56,cheap
367,368,pistachio,Turkey,5.11,cheap
368,369,strawberry,Austria,14.19,cheap
369,370,strawberry,Austria,15.33,cheap
370,371,pistachio,Turkey,22.14,medium
371,372,pistachio,France,9.29,cheap
372,373,chocolate,Austria,20.44,medium
373,374,chocolate,Sweden,19.86,expensive
374,375,pistachio,Austria,20.27,cheap
375,376,peanuts,Germany,5.68,cheap
376,377,chocolate,Italy,15.74,expensive
377,378,vanilla,Spain,25.07,expensive
378,379,chocolate,Switzerland,16.03,cheap
379,380,vanilla,Switzerland,19.75,cheap
380,381,chocolate,Turkey,5.49,expensive
381,382,caramel,Romania,22.9,medium
382,383,pistachio,Germany,10.03,expensive
383,384,pistachio,Germany,21.96,medium
384,385,pistachio,Germany,21.72,cheap
385,386,strawberry,Greece,24.19,cheap
386,387,peanuts,Turkey,12.98,cheap
387,388,pistachio,Spain,7.17,cheap
388,389,pistachio,Italy,19.72,cheap
389,390,pistachio,Sweden,7.43,medium
390,391,chocolate,Sweden,9.63,cheap
391,392,peanuts,Romania,6.91,cheap
392,393,pistachio,Italy,7.47,cheap
393,394,vanilla,France,20.97,cheap
394,395,pistachio,Romania,17.87,cheap
395,396,peanuts,Romania,15.71,cheap
396,397,peanuts,Greece,22.86,cheap
397,398,pistachio,Spain,19.94,medium
398,399,peanuts,Sweden,18.06,medium
399,400,pistachio,Austria,9.6,expensive
400,401,strawberry,France,8.32,cheap
401,402,peanuts,Switzerland,4.45,medium
402,403,vanilla,Switzerland,22.66,expensive
403,404,strawberry,Spain,24.23,medium
404,405,chocolate,France,10.93,expensive
405,406,peanuts,Greece,9.71,cheap
406,407,strawberry,Spain,5.15,medium
407,408,strawberry,Spain,13.24,cheap
408,409,pistachio,Switzerland,22.78,cheap
409,410,chocolate,Spain,9.51,cheap
410,411,pistachio,Romania,6.8,cheap
411,412,chocolate,France,7.88,expensive
412,413,caramel,Austria,24.46,cheap
413,414,strawberry,Spain,12.12,cheap
414,415,strawberry,Romania,13.21,expensive
415,416,peanuts,Italy,8.61,expensive
416,417,peanuts,Italy,13.7,medium
417,418,chocolate,Italy,20.47,cheap
418,419,strawberry,Sweden,12.43,medium
419,420,chocolate,Greece,13.4,cheap
420,421,peanuts,Switzerland,11.27,medium
421,422,chocolate,Austria,15.65,cheap
422,423,vanilla,Greece,5.9,medium
423,424,chocolate,Spain,25.51,expensive
424,425,vanilla,Turkey,10.59,cheap
425,426,vanilla,Switzerland,24.34,cheap
426,427,chocolate,Italy,10.47,expensive
427,428,caramel,Switzerland,13.73,medium
428,429,chocolate,Switzerland,15.03,cheap
429,430,pistachio,Germany,8.79,medium
430,431,chocolate,Austria,20.33,expensive
431,432,caramel,Sweden,5.9,cheap
432,433,strawberry,Spain,24.85,cheap
433,434,peanuts,Turkey,21.75,cheap
434,435,caramel,Romania,22.96,cheap
435,436,pistachio,Romania,12.46,medium
436,437,strawberry,France,14.41,expensive
437,438,strawberry,Spain,22.45,expensive
438,439,peanuts,France,7.0,cheap
439,440,peanuts,Sweden,15.24,cheap
440,441,chocolate,Sweden,12.19,medium
441,442,caramel,Switzerland,6.53,medium
442,443,strawberry,Austria,25.12,cheap
443,444,peanuts,Sweden,15.21,cheap
444,445,strawberry,Spain,15.71,cheap
445,446,vanilla,Romania,21.83,cheap
446,447,caramel,Switzerland,14.5,cheap
447,448,pistachio,Sweden,14.0,cheap
448,449,peanuts,Greece,10.89,medium
449,450,strawberry,Italy,16.33,medium
450,451,strawberry,Romania,19.56,cheap
451,452,strawberry,Austria,5.1,expensive
452,453,strawberry,Sweden,14.85,medium
453,454,vanilla,Switzerland,16.09,cheap
454,455,chocolate,France,10.91,cheap
455,456,strawberry,Austria,4.35,cheap
456,457,pistachio,Switzerland,6.91,cheap
457,458,vanilla,Romania,20.08,medium
458,459,pistachio,Italy,7.92,expensive
459,460,chocolate,Austria,4.4,medium
460,461,pistachio,Switzerland,8.59,expensive
461,462,vanilla,Greece,17.25,cheap
462,463,peanuts,Spain,9.65,expensive
463,464,pistachio,Romania,5.25,cheap
464,465,pistachio,Switzerland,6.4,cheap
465,466,chocolate,Romania,22.81,medium
466,467,chocolate,Romania,21.31,cheap
467,468,caramel,Spain,23.12,cheap
468,469,chocolate,Romania,7.58,cheap
469,470,peanuts,Spain,9.03,medium
470,471,vanilla,Italy,10.63,expensive
471,472,pistachio,Spain,5.5,medium
472,473,chocolate,Austria,8.78,medium
473,474,pistachio,Turkey,6.82,cheap
474,475,chocolate,Turkey,9.16,medium
475,476,strawberry,Austria,14.19,cheap
476,477,peanuts,Spain,19.4,cheap
477,478,peanuts,Switzerland,10.55,cheap
478,479,pistachio,Greece,20.95,cheap
479,480,peanuts,Spain,16.77,medium
480,481,peanuts,Sweden,23.82,expensive
481,482,caramel,Turkey,5.31,cheap
482,483,pistachio,Turkey,24.0,medium
483,484,caramel,Turkey,24.5,medium
484,485,pistachio,Turkey,18.91,expensive
485,486,chocolate,Germany,17.39,medium
486,487,peanuts,Spain,9.68,cheap
487,488,peanuts,Spain,18.3,cheap
488,489,pistachio,Switzerland,23.78,medium
489,490,peanuts,Italy,16.88,medium
490,491,strawberry,Spain,12.34,cheap
491,492,peanuts,Spain,17.59,medium
492,493,strawberry,Spain,21.19,cheap
493,494,pistachio,Greece,9.79,cheap
494,495,vanilla,Turkey,6.05,cheap
495,496,vanilla,Spain,21.42,expensive
496,497,pistachio,Sweden,19.29,expensive
497,498,chocolate,Switzerland,17.17,cheap
498,499,vanilla,Switzerland,25.03,cheap
499,500,peanuts,Spain,12.47,expensive
500,501,chocolate,Italy,11.11,medium
501,502,pistachio,Romania,9.51,cheap
502,503,peanuts,Sweden,9.62,cheap
503,504,strawberry,Romania,21.51,medium
504,505,peanuts,Turkey,14.68,expensive
505,506,vanilla,Austria,7.77,cheap
506,507,strawberry,Switzerland,19.62,cheap
507,508,chocolate,Germany,11.59,cheap
508,509,vanilla,Switzerland,15.89,cheap
509,510,pistachio,Switzerland,8.11,expensive
510,511,peanuts,Austria,24.93,cheap
511,512,caramel,Turkey,5.26,expensive
512,513,strawberry,Romania,10.18,cheap
513,514,chocolate,Italy,17.89,expensive
514,515,peanuts,Romania,14.45,cheap
515,516,caramel,Germany,15.36,medium
516,517,chocolate,Austria,24.89,medium
517,518,chocolate,Sweden,11.41,cheap
518,519,vanilla,France,15.74,medium
519,520,chocolate,Turkey,7.26,cheap
520,521,peanuts,Spain,24.84,cheap
521,522,chocolate,Spain,7.76,expensive
522,523,caramel,Italy,22.82,expensive
523,524,pistachio,Italy,8.17,medium
524,525,chocolate,Switzerland,23.81,expensive
525,526,pistachio,Switzerland,12.75,cheap
526,527,peanuts,Spain,6.24,expensive
527,528,pistachio,Switzerland,14.86,cheap
528,529,strawberry,Spain,24.69,expensive
529,530,strawberry,Italy,10.81,expensive
530,531,pistachio,Austria,21.91,cheap
531,532,strawberry,Austria,22.02,expensive
532,533,caramel,Spain,22.68,cheap
533,534,peanuts,Sweden,5.92,expensive
534,535,pistachio,Austria,22.17,medium
535,536,caramel,Spain,10.57,expensive
536,537,pistachio,Turkey,20.77,medium
537,538,pistachio,Switzerland,22.96,expensive
538,539,pistachio,Switzerland,17.97,cheap
539,540,caramel,Romania,17.79,expensive
540,541,chocolate,Spain,22.44,cheap
541,542,chocolate,Romania,4.79,medium
542,543,pistachio,Netherlands,23.73,medium
543,544,pistachio,Italy,17.03,cheap
544,545,pistachio,Austria,18.33,cheap
545,546,caramel,Spain,8.79,medium
546,547,strawberry,Sweden,13.25,expensive
547,548,strawberry,Austria,22.05,medium
548,549,chocolate,Sweden,6.12,expensive
549,550,pistachio,Turkey,25.93,medium
550,551,strawberry,Greece,6.71,medium
551,552,caramel,Spain,9.04,expensive
552,553,peanuts,Greece,14.0,medium
553,554,chocolate,France,15.41,medium
554,555,vanilla,Sweden,10.56,cheap
555,556,pistachio,Switzerland,4.16,expensive
556,557,strawberry,Switzerland,6.22,expensive
557,558,peanuts,Italy,17.87,cheap
558,559,pistachio,Austria,7.94,cheap
559,560,peanuts,France,24.67,cheap
560,561,peanuts,Greece,12.45,expensive
561,562,peanuts,Switzerland,5.64,expensive
562,563,strawberry,Austria,19.24,medium
563,564,pistachio,Greece,23.8,medium
564,565,vanilla,Greece,15.82,cheap
565,566,pistachio,Switzerland,23.14,cheap
566,567,strawberry,Switzerland,7.23,medium
567,568,chocolate,Spain,15.9,medium
568,569,vanilla,Austria,8.97,cheap
569,570,caramel,France,17.74,cheap
570,571,vanilla,Spain,25.99,medium
571,572,peanuts,Turkey,18.44,cheap
572,573,pistachio,Switzerland,10.0,cheap
573,574,pistachio,Austria,9.27,medium
574,575,chocolate,Sweden,15.27,cheap
575,576,peanuts,Spain,4.51,medium
576,577,strawberry,Spain,25.67,medium
577,578,chocolate,Italy,6.05,cheap
578,579,strawberry,Romania,20.0,expensive
579,580,caramel,Romania,10.51,cheap
580,581,strawberry,Italy,18.36,cheap
581,582,strawberry,Switzerland,14.83,medium
582,583,strawberry,Netherlands,24.9,cheap
583,584,pistachio,Spain,20.24,medium
584,585,chocolate,France,22.13,expensive
585,586,peanuts,Italy,16.65,cheap
586,587,strawberry,Sweden,24.26,expensive
587,588,chocolate,Sweden,15.43,cheap
588,589,peanuts,Turkey,19.62,medium
589,590,chocolate,Italy,19.78,expensive
590,591,strawberry,Spain,24.31,cheap
591,592,vanilla,Austria,15.29,cheap
592,593,chocolate,Spain,14.24,expensive
593,594,caramel,Spain,14.6,cheap
594,595,peanuts,Austria,10.53,cheap
595,596,strawberry,Sweden,13.98,medium
596,597,chocolate,Italy,15.61,cheap
597,598,caramel,Sweden,23.33,cheap
598,599,peanuts,Turkey,17.25,cheap
599,600,peanuts,Romania,22.32,expensive
600,601,strawberry,Greece,16.76,medium
601,602,peanuts,Turkey,15.79,medium
602,603,chocolate,Spain,21.78,medium
603,604,peanuts,Sweden,15.09,cheap
604,605,chocolate,Romania,9.32,cheap
605,606,pistachio,Greece,14.36,cheap
606,607,vanilla,France,6.75,medium
607,608,chocolate,Turkey,8.56,cheap
608,609,pistachio,France,17.11,cheap
609,610,vanilla,Turkey,10.47,medium
610,611,chocolate,Austria,18.77,cheap
611,612,peanuts,Austria,20.76,cheap
612,613,pistachio,Germany,10.5,medium
613,614,pistachio,Switzerland,17.09,expensive
614,615,chocolate,Turkey,13.16,cheap
615,616,vanilla,Switzerland,13.45,expensive
616,617,chocolate,Spain,20.12,medium
617,618,vanilla,Germany,9.34,cheap
618,619,vanilla,Austria,10.77,medium
619,620,peanuts,Sweden,7.3,cheap
620,621,peanuts,Switzerland,12.26,medium
621,622,pistachio,Spain,20.27,expensive
622,623,chocolate,Italy,11.4,medium
623,624,pistachio,Romania,6.89,cheap
624,625,peanuts,Austria,7.17,expensive
625,626,peanuts,Spain,18.01,cheap
626,627,pistachio,Germany,7.91,cheap
627,628,pistachio,Italy,13.55,cheap
628,629,chocolate,Switzerland,5.07,expensive
629,630,peanuts,Spain,18.14,cheap
630,631,pistachio,Sweden,16.17,expensive
631,632,peanuts,Greece,20.22,expensive
632,633,chocolate,Greece,7.03,medium
633,634,caramel,Switzerland,15.61,medium
634,635,peanuts,Austria,5.62,expensive
635,636,caramel,Austria,6.7,cheap
636,637,caramel,Spain,7.78,expensive
637,638,pistachio,Sweden,8.57,medium
638,639,chocolate,Germany,22.15,expensive
639,640,vanilla,Switzerland,9.72,medium
640,641,strawberry,Austria,25.38,cheap
641,642,pistachio,Romania,5.06,cheap
642,643,chocolate,Austria,25.8,expensive
643,644,pistachio,Austria,15.35,cheap
644,645,pistachio,Romania,23.23,expensive
645,646,chocolate,Austria,14.88,cheap
646,647,peanuts,Austria,5.16,expensive
647,648,pistachio,Spain,15.89,medium
648,649,vanilla,Sweden,19.34,medium
649,650,pistachio,Austria,7.25,cheap
650,651,peanuts,Austria,9.15,expensive
651,652,vanilla,Netherlands,5.65,medium
652,653,vanilla,Netherlands,6.53,cheap
653,654,peanuts,Austria,5.34,expensive
654,655,peanuts,Turkey,10.41,cheap
655,656,strawberry,Germany,24.26,medium
656,657,pistachio,Spain,11.55,cheap
657,658,chocolate,Italy,13.8,cheap
658,659,pistachio,Spain,12.96,cheap
659,660,caramel,Spain,16.09,medium
660,661,peanuts,Italy,13.53,expensive
661,662,pistachio,Turkey,17.24,medium
662,663,pistachio,Romania,7.19,expensive
663,664,pistachio,Sweden,9.62,expensive
664,665,chocolate,Italy,11.58,medium
665,666,vanilla,Spain,25.07,cheap
666,667,strawberry,Spain,4.24,cheap
667,668,caramel,Austria,8.15,cheap
668,669,pistachio,Switzerland,15.81,cheap
669,670,strawberry,Spain,7.86,expensive
670,671,strawberry,Spain,10.0,medium
671,672,chocolate,Spain,7.8,cheap
672,673,strawberry,Sweden,23.8,cheap
673,674,caramel,Italy,14.27,cheap
674,675,chocolate,Greece,15.72,cheap
675,676,strawberry,Germany,4.47,cheap
676,677,chocolate,Austria,4.4,cheap
677,678,caramel,Austria,15.56,cheap
678,679,chocolate,Italy,20.64,medium
679,680,caramel,France,17.22,cheap
680,681,caramel,Germany,20.58,expensive
681,682,vanilla,Spain,11.59,medium
682,683,chocolate,Greece,22.05,cheap
683,684,peanuts,Switzerland,8.86,cheap
684,685,pistachio,France,24.17,cheap
685,686,peanuts,Germany,15.51,expensive
686,687,chocolate,Spain,15.34,cheap
687,688,vanilla,Germany,19.72,cheap
688,689,vanilla,Austria,21.72,medium
689,690,vanilla,Switzerland,4.83,cheap
690,691,strawberry,Spain,18.28,medium
691,692,pistachio,Greece,17.37,cheap
692,693,strawberry,Italy,5.37,medium
693,694,peanuts,Spain,4.22,medium
694,695,pistachio,Greece,23.53,cheap
695,696,pistachio,Italy,15.37,medium
696,697,peanuts,Romania,15.58,expensive
697,698,chocolate,Romania,19.63,medium
698,699,peanuts,Greece,11.71,expensive
699,700,vanilla,Austria,17.62,cheap
700,701,vanilla,Spain,13.78,medium
701,702,chocolate,Germany,12.36,medium
702,703,chocolate,Italy,8.15,cheap
703,704,peanuts,Austria,8.0,medium
704,705,strawberry,Italy,4.91,cheap
705,706,pistachio,France,23.54,medium
706,707,pistachio,Spain,20.33,medium
707,708,peanuts,Italy,24.7,expensive
708,709,pistachio,France,6.78,expensive
709,710,pistachio,Spain,24.5,cheap
710,711,chocolate,Austria,25.68,medium
711,712,chocolate,Romania,25.23,cheap
712,713,vanilla,Sweden,15.56,cheap
713,714,vanilla,Romania,6.7,cheap
714,715,peanuts,Spain,14.05,medium
715,716,pistachio,Spain,24.49,expensive
716,717,vanilla,France,6.54,cheap
717,718,pistachio,Switzerland,23.91,cheap
718,719,strawberry,Germany,13.41,medium
719,720,pistachio,Turkey,20.12,cheap
720,721,caramel,Romania,17.56,medium
721,722,peanuts,Spain,8.8,cheap
722,723,chocolate,Spain,4.72,expensive
723,724,vanilla,Switzerland,19.72,expensive
724,725,strawberry,Greece,25.25,cheap
725,726,peanuts,Romania,24.26,expensive
726,727,chocolate,Austria,25.46,cheap
727,728,pistachio,Austria,11.27,cheap
728,729,pistachio,Turkey,21.48,medium
729,730,pistachio,Spain,13.99,cheap
730,731,strawberry,Netherlands,16.77,cheap
731,732,chocolate,Greece,11.33,cheap
732,733,strawberry,Italy,15.71,medium
733,734,strawberry,Romania,5.65,cheap
734,735,peanuts,Austria,23.13,medium
735,736,pistachio,Spain,17.51,cheap
736,737,strawberry,Sweden,11.36,cheap
737,738,peanuts,Italy,14.3,cheap
738,739,peanuts,Turkey,5.94,cheap
739,740,chocolate,Spain,11.01,expensive
740,741,chocolate,Sweden,16.56,expensive
741,742,pistachio,Sweden,8.62,cheap
742,743,vanilla,Switzerland,17.41,medium
743,744,caramel,Germany,6.06,expensive
744,745,chocolate,Austria,8.95,cheap
745,746,chocolate,France,25.97,expensive
746,747,chocolate,Romania,14.79,medium
747,748,chocolate,Turkey,20.77,cheap
748,749,pistachio,Spain,6.93,cheap
749,750,chocolate,Spain,5.36,expensive
750,751,pistachio,Italy,5.67,medium
751,752,strawberry,Sweden,23.53,expensive
752,753,pistachio,Greece,20.99,medium
753,754,strawberry,Spain,24.1,cheap
754,755,chocolate,Spain,17.24,medium
755,756,pistachio,Spain,18.02,cheap
756,757,pistachio,Turkey,24.96,cheap
757,758,peanuts,Austria,10.22,expensive
758,759,strawberry,Austria,11.35,medium
759,760,pistachio,Germany,22.28,cheap
760,761,pistachio,Sweden,12.45,medium
761,762,vanilla,Netherlands,24.34,medium
762,763,caramel,Spain,9.65,medium
763,764,peanuts,Austria,19.09,cheap
764,765,vanilla,Sweden,5.47,expensive
765,766,strawberry,Austria,25.63,medium
766,767,vanilla,Turkey,18.94,medium
767,768,peanuts,Netherlands,13.36,medium
768,769,strawberry,Switzerland,13.88,cheap
769,770,pistachio,France,10.34,medium
770,771,chocolate,Turkey,7.3,cheap
771,772,pistachio,Turkey,6.02,cheap
772,773,chocolate,Romania,11.38,medium
773,774,vanilla,Romania,17.56,medium
774,775,chocolate,Austria,18.45,medium
775,776,pistachio,Sweden,8.13,medium
776,777,pistachio,Romania,23.93,expensive
777,778,peanuts,Greece,10.34,cheap
778,779,pistachio,Austria,16.1,expensive
779,780,strawberry,Sweden,11.13,expensive
780,781,chocolate,Spain,21.72,cheap
781,782,vanilla,Greece,6.43,cheap
782,783,strawberry,Switzerland,22.95,cheap
783,784,chocolate,Greece,11.85,medium
784,785,chocolate,Spain,10.88,medium
785,786,pistachio,Spain,17.27,cheap
786,787,strawberry,France,14.73,cheap
787,788,pistachio,Turkey,7.79,cheap
788,789,vanilla,Italy,15.92,medium
789,790,caramel,Austria,20.86,cheap
790,791,pistachio,Switzerland,7.69,cheap
791,792,chocolate,Italy,21.02,medium
792,793,pistachio,Spain,13.42,cheap
793,794,peanuts,Austria,5.41,medium
794,795,strawberry,Spain,24.11,expensive
795,796,strawberry,Italy,5.53,cheap
796,797,pistachio,Austria,24.87,cheap
797,798,peanuts,Switzerland,7.22,cheap
798,799,peanuts,Turkey,6.23,expensive
799,800,strawberry,France,18.94,cheap
800,801,pistachio,Germany,4.99,medium
801,802,vanilla,Sweden,8.09,cheap
802,803,chocolate,Switzerland,24.67,cheap
803,804,chocolate,Spain,9.08,medium
804,805,chocolate,France,10.25,cheap
805,806,peanuts,Spain,20.0,medium
806,807,peanuts,Romania,12.57,expensive
807,808,caramel,Switzerland,12.04,medium
808,809,strawberry,Sweden,23.52,cheap
809,810,vanilla,Spain,4.31,medium
810,811,strawberry,Switzerland,21.95,cheap
811,812,pistachio,Switzerland,14.94,cheap
812,813,pistachio,Austria,9.27,expensive
813,814,pistachio,Turkey,16.8,medium
814,815,chocolate,Spain,4.68,cheap
815,816,pistachio,Italy,10.5,medium
816,817,pistachio,Greece,16.68,medium
817,818,pistachio,Italy,5.6,cheap
818,819,vanilla,Romania,16.3,cheap
819,820,caramel,Turkey,10.57,cheap
820,821,pistachio,Austria,13.24,medium
821,822,strawberry,Switzerland,15.58,medium
822,823,strawberry,Austria,13.61,cheap
823,824,chocolate,Austria,21.74,expensive
824,825,chocolate,Spain,4.05,cheap
825,826,peanuts,Spain,13.76,expensive
826,827,strawberry,Romania,11.12,medium
827,828,vanilla,Spain,16.42,expensive
828,829,pistachio,Switzerland,12.2,medium
829,830,chocolate,Switzerland,20.77,medium
830,831,strawberry,Italy,7.43,cheap
831,832,peanuts,Sweden,18.82,cheap
832,833,pistachio,Sweden,17.71,cheap
833,834,peanuts,Spain,16.1,cheap
834,835,caramel,France,18.0,expensive
835,836,caramel,Spain,14.44,cheap
836,837,strawberry,Spain,5.79,cheap
837,838,chocolate,France,22.11,cheap
838,839,vanilla,Spain,6.61,cheap
839,840,strawberry,Sweden,6.72,expensive
840,841,pistachio,Italy,17.93,medium
841,842,peanuts,Sweden,9.14,cheap
842,843,pistachio,Sweden,13.43,cheap
843,844,vanilla,Sweden,18.54,medium
844,845,chocolate,Spain,20.22,cheap
845,846,caramel,Greece,12.52,expensive
846,847,chocolate,Greece,16.14,cheap
847,848,pistachio,Austria,6.6,expensive
848,849,pistachio,Switzerland,17.69,cheap
849,850,chocolate,Austria,16.23,cheap
850,851,pistachio,France,95.1,medium
851,852,peanuts,Italy,5.52,expensive
852,853,strawberry,Austria,22.17,cheap
853,854,vanilla,Romania,12.74,cheap
854,855,vanilla,Italy,19.66,cheap
855,856,pistachio,Austria,16.23,medium
856,857,chocolate,Sweden,9.81,cheap
857,858,peanuts,Turkey,19.06,expensive
858,859,pistachio,Romania,21.79,cheap
859,860,pistachio,Austria,15.03,cheap
860,861,pistachio,France,21.56,medium
861,862,vanilla,Germany,23.87,cheap
862,863,strawberry,Spain,14.01,cheap
863,864,strawberry,Austria,8.88,cheap
864,865,peanuts,Italy,5.17,cheap
865,866,peanuts,France,16.17,medium
866,867,chocolate,Romania,17.54,cheap
867,868,strawberry,Italy,10.2,cheap
868,869,chocolate,Turkey,17.42,expensive
869,870,peanuts,Switzerland,13.96,expensive
870,871,peanuts,Sweden,4.01,cheap
871,872,strawberry,Turkey,16.12,expensive
872,873,chocolate,Netherlands,6.47,expensive
873,874,chocolate,Greece,24.75,expensive
874,875,caramel,Romania,7.62,medium
875,876,caramel,Switzerland,5.84,cheap
876,877,chocolate,Austria,6.01,medium
877,878,chocolate,Romania,25.59,cheap
878,879,chocolate,Austria,18.33,expensive
879,880,vanilla,Italy,8.71,medium
880,881,pistachio,Switzerland,12.04,expensive
881,882,chocolate,Greece,23.92,medium
882,883,strawberry,Romania,21.94,cheap
883,884,pistachio,Netherlands,25.07,cheap
884,885,peanuts,Turkey,6.44,expensive
885,886,vanilla,Spain,10.82,cheap
886,887,vanilla,Switzerland,21.33,medium
887,888,pistachio,Spain,21.51,medium
888,889,chocolate,Switzerland,9.05,cheap
889,890,pistachio,Spain,25.52,medium
890,891,peanuts,Austria,22.01,cheap
891,892,strawberry,Germany,24.04,medium
892,893,pistachio,Switzerland,15.49,cheap
893,894,caramel,Switzerland,6.7,cheap
894,895,strawberry,Switzerland,9.6,medium
895,896,chocolate,Germany,12.11,medium
896,897,pistachio,Greece,13.41,cheap
897,898,chocolate,Germany,4.89,expensive
898,899,caramel,Romania,10.41,medium
899,900,chocolate,Turkey,9.24,expensive
900,901,strawberry,Switzerland,16.34,medium
901,902,strawberry,Sweden,14.2,expensive
902,903,chocolate,Sweden,23.15,cheap
903,904,pistachio,Romania,11.64,expensive
904,905,chocolate,Switzerland,22.9,cheap
905,906,pistachio,Switzerland,4.63,medium
906,907,pistachio,Austria,14.83,medium
907,908,chocolate,Sweden,7.51,medium
908,909,caramel,Austria,13.86,medium
909,910,pistachio,Spain,15.55,expensive
910,911,vanilla,Greece,7.2,medium
911,912,caramel,Romania,19.89,expensive
912,913,peanuts,Romania,5.83,medium
913,914,caramel,Sweden,7.7,cheap
914,915,vanilla,Greece,13.67,cheap
915,916,peanuts,Turkey,8.73,medium
916,917,peanuts,Italy,10.57,cheap
917,918,chocolate,Spain,19.85,cheap
918,919,caramel,Austria,10.67,cheap
919,920,peanuts,Netherlands,23.91,expensive
920,921,strawberry,Italy,14.42,cheap
921,922,vanilla,Italy,6.82,cheap
922,923,chocolate,Romania,14.87,cheap
923,924,chocolate,Turkey,16.79,medium
924,925,pistachio,Sweden,5.92,cheap
925,926,peanuts,Switzerland,14.0,medium
926,927,pistachio,Sweden,8.71,expensive
927,928,peanuts,Sweden,21.88,cheap
928,929,pistachio,Italy,20.48,cheap
929,930,strawberry,Spain,25.59,cheap
930,931,pistachio,Austria,24.1,cheap
931,932,strawberry,Switzerland,16.0,cheap
932,933,vanilla,Austria,5.73,medium
933,934,peanuts,Turkey,6.18,medium
934,935,pistachio,Greece,13.32,medium
935,936,chocolate,Netherlands,10.54,expensive
936,937,caramel,Italy,22.48,medium
937,938,pistachio,Greece,15.68,medium
938,939,chocolate,Sweden,22.38,expensive
939,940,chocolate,Switzerland,23.4,expensive
940,941,pistachio,Romania,21.0,cheap
941,942,vanilla,Romania,12.72,cheap
942,943,strawberry,Switzerland,14.74,medium
943,944,chocolate,Austria,12.07,expensive
944,945,chocolate,Turkey,16.31,medium
945,946,chocolate,Italy,22.61,cheap
946,947,strawberry,Spain,13.12,cheap
947,948,peanuts,Switzerland,5.84,cheap
948,949,peanuts,Sweden,15.19,cheap
949,950,caramel,Switzerland,11.51,expensive
950,951,strawberry,Romania,6.95,cheap
951,952,peanuts,Germany,12.76,expensive
952,953,strawberry,Switzerland,15.78,cheap
953,954,pistachio,France,21.68,medium
954,955,chocolate,Romania,10.15,cheap
955,956,chocolate,Romania,10.83,cheap
956,957,peanuts,Romania,23.21,expensive
957,958,chocolate,Switzerland,20.62,expensive
958,959,peanuts,Netherlands,17.97,cheap
959,960,pistachio,Spain,5.49,cheap
960,961,strawberry,Italy,6.5,cheap
961,962,chocolate,Austria,12.27,cheap
962,963,chocolate,Greece,24.38,expensive
963,964,pistachio,Romania,16.94,cheap
964,965,chocolate,Turkey,23.64,expensive
965,966,pistachio,Spain,14.22,cheap
966,967,peanuts,Switzerland,13.86,cheap
967,968,chocolate,Romania,4.9,expensive
968,969,chocolate,Turkey,17.84,medium
969,970,chocolate,Spain,13.45,expensive
970,971,pistachio,Austria,6.21,cheap
971,972,vanilla,Italy,9.46,medium
972,973,vanilla,Spain,25.42,cheap
973,974,peanuts,Switzerland,12.53,medium
974,975,pistachio,Spain,23.5,expensive
975,976,vanilla,Spain,24.66,cheap
976,977,pistachio,Romania,5.1,cheap
977,978,pistachio,Austria,23.85,cheap
978,979,pistachio,Sweden,22.67,medium
979,980,pistachio,Italy,11.83,expensive
980,981,chocolate,Greece,10.01,expensive
981,982,vanilla,Spain,11.13,cheap
982,983,pistachio,Romania,6.84,cheap
983,984,chocolate,Turkey,17.07,cheap
984,985,chocolate,Sweden,25.31,expensive
985,986,caramel,Italy,20.72,expensive
986,987,vanilla,Romania,14.8,cheap
987,988,pistachio,Netherlands,4.99,expensive
988,989,peanuts,Austria,22.31,cheap
989,990,chocolate,Sweden,14.96,expensive
990,991,pistachio,Germany,14.91,medium
991,992,caramel,Spain,7.51,medium
992,993,pistachio,Turkey,24.35,cheap
993,994,peanuts,France,11.79,medium
994,995,chocolate,Austria,22.38,cheap
995,996,chocolate,Turkey,4.01,cheap
996,997,chocolate,Austria,23.21,medium
997,998,pistachio,Switzerland,9.87,cheap
998,999,chocolate,Turkey,23.21,cheap
999,1000,chocolate,Italy,17.22,medium
